source,df,sum_sq,mean_sq,F,PR(>F)
C(strategy),2.0,1.25672507193587,0.628362535967935,564.5386563398539,4.6738807561566367e-225
Residual,5898.0,6.564797991278401,0.0011130549323971517,,
